<?xml version='1.0' encoding='ISO-8859-1'?>
<apex:apex xmlns:xsi="http://www.w3.org/2001/XMLSchema-instance"
 xsi:schemaLocation="http://www.kuleuven.be/exporl/Lab/Apex ../../../data/apex/apex/schemas/apex-schema.xsd"
 xmlns:apex="http://www.kuleuven.be/exporl/Lab/Apex"
 version="1">
	<!-- Generated by the Apex 3 matlab API -->
	<procedure xsi:type="apex:adaptiveProcedureType">
		<parameters>
			<presentations>1</presentations>
			<skip>0</skip>
			<order>sequential</order>
			<choices>1</choices>
			<nUp>1</nUp>
			<nDown>1</nDown>
			<adapt_parameter>gain</adapt_parameter>
			<start_value>0</start_value>
			<stop_after_type>above</stop_after_type>
			<stop_after>1</stop_after>
			<larger_is_easier>true</larger_is_easier>
			<repeat_first_until_correct>true</repeat_first_until_correct>
			<stepsizes>
				<stepsize begin="0" size="2"/>
			</stepsizes>
		</parameters>
		<trials>
			<trial id="trial_man013">
				<answer>correct</answer>
				<screen id="screen"/>
				<stimulus id="stimulus_man013"/>
			</trial>
			<trial id="trial_man012">
				<answer>correct</answer>
				<screen id="screen"/>
				<stimulus id="stimulus_man012"/>
			</trial>
			<trial id="trial_man011">
				<answer>correct</answer>
				<screen id="screen"/>
				<stimulus id="stimulus_man011"/>
			</trial>
			<trial id="trial_man010">
				<answer>correct</answer>
				<screen id="screen"/>
				<stimulus id="stimulus_man010"/>
			</trial>
			<trial id="trial_man009">
				<answer>correct</answer>
				<screen id="screen"/>
				<stimulus id="stimulus_man009"/>
			</trial>
			<trial id="trial_man008">
				<answer>correct</answer>
				<screen id="screen"/>
				<stimulus id="stimulus_man008"/>
			</trial>
			<trial id="trial_man007">
				<answer>correct</answer>
				<screen id="screen"/>
				<stimulus id="stimulus_man007"/>
			</trial>
			<trial id="trial_man006">
				<answer>correct</answer>
				<screen id="screen"/>
				<stimulus id="stimulus_man006"/>
			</trial>
			<trial id="trial_man005">
				<answer>correct</answer>
				<screen id="screen"/>
				<stimulus id="stimulus_man005"/>
			</trial>
			<trial id="trial_man004">
				<answer>correct</answer>
				<screen id="screen"/>
				<stimulus id="stimulus_man004"/>
			</trial>
			<trial id="trial_man003">
				<answer>correct</answer>
				<screen id="screen"/>
				<stimulus id="stimulus_man003"/>
			</trial>
			<trial id="trial_man002">
				<answer>correct</answer>
				<screen id="screen"/>
				<stimulus id="stimulus_man002"/>
			</trial>
			<trial id="trial_man001">
				<answer>correct</answer>
				<screen id="screen"/>
				<stimulus id="stimulus_man001"/>
			</trial>
		</trials>
	</procedure>
	<corrector xsi:type="apex:isequal"/>
	<screens>
		<reinforcement>
			<progressbar>true</progressbar>
			<feedback length="300">true</feedback>
		</reinforcement>
		<screen id="screen">
			<gridLayout height="2" width="1" id="main_layout">
				<!--answerlabel x="1" y="1" id="helplabel"/-->

                <parameterlist x="1" y="1" id="parameterlist">

<parameter>gain</parameter>      
                	<parameter>sentence</parameter>
                </parameterlist>
				
				<gridLayout height="1" width="2" id="answer_layout" x="1" y="2">
				    <button x="1" y="1" id="correct">
					<text>Correct</text>
				    </button>
				    <button x="2" y="1" id="wrong">
					<text>Wrong</text>
				    </button>
				</gridLayout>
			</gridLayout>
			<buttongroup id="buttongroup">
			    <button id="correct"/>
			    <button id="wrong"/>
			</buttongroup>
			<default_answer_element>buttongroup</default_answer_element>
		</screen>
	</screens>
	<datablocks>
		<uri_prefix>file:/data/woordenlijst/vu/man/</uri_prefix>
		<datablock id="datablock_man013">
			<device>wavdevice</device>
			<uri>man013.wav</uri>
		</datablock>
		<datablock id="datablock_man012">
			<device>wavdevice</device>
			<uri>man012.wav</uri>
		</datablock>
		<datablock id="datablock_man011">
			<device>wavdevice</device>
			<uri>man011.wav</uri>
		</datablock>
		<datablock id="datablock_man010">
			<device>wavdevice</device>
			<uri>man010.wav</uri>
		</datablock>
		<datablock id="datablock_man009">
			<device>wavdevice</device>
			<uri>man009.wav</uri>
		</datablock>
		<datablock id="datablock_man008">
			<device>wavdevice</device>
			<uri>man008.wav</uri>
		</datablock>
		<datablock id="datablock_man007">
			<device>wavdevice</device>
			<uri>man007.wav</uri>
		</datablock>
		<datablock id="datablock_man006">
			<device>wavdevice</device>
			<uri>man006.wav</uri>
		</datablock>
		<datablock id="datablock_man005">
			<device>wavdevice</device>
			<uri>man005.wav</uri>
		</datablock>
		<datablock id="datablock_man004">
			<device>wavdevice</device>
			<uri>man004.wav</uri>
		</datablock>
		<datablock id="datablock_man003">
			<device>wavdevice</device>
			<uri>man003.wav</uri>
		</datablock>
		<datablock id="datablock_man002">
			<device>wavdevice</device>
			<uri>man002.wav</uri>
		</datablock>
		<datablock id="datablock_man001">
			<device>wavdevice</device>
			<uri>man001.wav</uri>
		</datablock>
		<datablock id="noisedata">
			<device>wavdevice</device>
			<uri>../Man_noise44100.wav</uri>
		</datablock>
	</datablocks>
	<devices>
		<device id="wavdevice" xsi:type="apex:wavDeviceType">
			<driver>portaudio</driver>
			<card>default</card>
			
			<channels>1</channels>
			<gain>0</gain>
			<samplerate>44100</samplerate>
			<buffersize>512</buffersize>
		</device>
	</devices>
	<filters>
		<filter xsi:type="apex:dataloop" id="noisegen">
			<device>wavdevice</device>
			<channels>1</channels>
			<continuous>true</continuous>
			<datablock>noisedata</datablock>
			<basegain>4</basegain>
			<gain id="noisegain">0</gain>
			<randomjump>true</randomjump>
		</filter>
		<filter xsi:type="apex:amplifier" id="amplifier">
			<device>wavdevice</device>
			<channels>1</channels>
			<basegain>9.3679</basegain>
			<gain id="gain">0</gain>
		</filter>
	</filters>
	<stimuli>
		<fixed_parameters>
			<parameter id="sentence"/>
		</fixed_parameters>
		<stimulus id="stimulus_man013">
			<datablocks>
				<datablock id="datablock_man013"/>
			</datablocks>
			<variableParameters> </variableParameters>
			<fixedParameters>
				<parameter id="sentence">ik heb het mijn dochter verteld.</parameter>
			</fixedParameters>
		</stimulus>
		<stimulus id="stimulus_man012">
			<datablocks>
				<datablock id="datablock_man012"/>
			</datablocks>
			<variableParameters> </variableParameters>
			<fixedParameters>
				<parameter id="sentence">ik heb nog geen regel gelezen.</parameter>
			</fixedParameters>
		</stimulus>
		<stimulus id="stimulus_man011">
			<datablocks>
				<datablock id="datablock_man011"/>
			</datablocks>
			<variableParameters> </variableParameters>
			<fixedParameters>
				<parameter id="sentence">op de vensterbank staat een plant.</parameter>
			</fixedParameters>
		</stimulus>
		<stimulus id="stimulus_man010">
			<datablocks>
				<datablock id="datablock_man010"/>
			</datablocks>
			<variableParameters> </variableParameters>
			<fixedParameters>
				<parameter id="sentence">samen zijn we naar een caf� geweest.</parameter>
			</fixedParameters>
		</stimulus>
		<stimulus id="stimulus_man009">
			<datablocks>
				<datablock id="datablock_man009"/>
			</datablocks>
			<variableParameters> </variableParameters>
			<fixedParameters>
				<parameter id="sentence">het plan spreekt tot de verbeelding.</parameter>
			</fixedParameters>
		</stimulus>
		<stimulus id="stimulus_man008">
			<datablocks>
				<datablock id="datablock_man008"/>
			</datablocks>
			<variableParameters> </variableParameters>
			<fixedParameters>
				<parameter id="sentence">vol goede moed ging ze op weg.</parameter>
			</fixedParameters>
		</stimulus>
		<stimulus id="stimulus_man007">
			<datablocks>
				<datablock id="datablock_man007"/>
			</datablocks>
			<variableParameters> </variableParameters>
			<fixedParameters>
				<parameter id="sentence">straks ga ik piano spelen.</parameter>
			</fixedParameters>
		</stimulus>
		<stimulus id="stimulus_man006">
			<datablocks>
				<datablock id="datablock_man006"/>
			</datablocks>
			<variableParameters> </variableParameters>
			<fixedParameters>
				<parameter id="sentence">hij verbergt zijn hand achter zijn rug.</parameter>
			</fixedParameters>
		</stimulus>
		<stimulus id="stimulus_man005">
			<datablocks>
				<datablock id="datablock_man005"/>
			</datablocks>
			<variableParameters> </variableParameters>
			<fixedParameters>
				<parameter id="sentence">hij is van de trap gevallen.</parameter>
			</fixedParameters>
		</stimulus>
		<stimulus id="stimulus_man004">
			<datablocks>
				<datablock id="datablock_man004"/>
			</datablocks>
			<variableParameters> </variableParameters>
			<fixedParameters>
				<parameter id="sentence">we schudden elkaar stevig de hand.</parameter>
			</fixedParameters>
		</stimulus>
		<stimulus id="stimulus_man003">
			<datablocks>
				<datablock id="datablock_man003"/>
			</datablocks>
			<variableParameters> </variableParameters>
			<fixedParameters>
				<parameter id="sentence">zijn rustpauze zal hem goed doen.</parameter>
			</fixedParameters>
		</stimulus>
		<stimulus id="stimulus_man002">
			<datablocks>
				<datablock id="datablock_man002"/>
			</datablocks>
			<variableParameters> </variableParameters>
			<fixedParameters>
				<parameter id="sentence">hij heeft wel een sleutel bij zich.</parameter>
			</fixedParameters>
		</stimulus>
		<stimulus id="stimulus_man001">
			<datablocks>
				<datablock id="datablock_man001"/>
			</datablocks>
			<variableParameters> </variableParameters>
			<fixedParameters>
				<parameter id="sentence">buiten is het donker en koud.</parameter>
			</fixedParameters>
		</stimulus>
	</stimuli>
	<connections>
		<connection>
			<from>
				<id>_ALL_</id>
				<channel>0</channel>
			</from>
			<to>
				<id>amplifier</id>
				<channel>0</channel>
			</to>
		</connection>
		<connection>
			<from>
				<id>amplifier</id>
				<channel>0</channel>
			</from>
			<to>
				<id>wavdevice</id>
				<channel>0</channel>
			</to>
		</connection>
		<connection>
			<from>
				<id>noisegen</id>
				<channel>0</channel>
			</from>
			<to>
				<id>wavdevice</id>
				<channel>0</channel>
			</to>
		</connection>
	</connections>
</apex:apex>
